0.047371,0.049094,0.050664,0.052063,0.053283,0.054325,0.055195,0.055907,0.056478,0.056927,0.057272,0.05753,0.057719,0.057852,0.057941,0.057997,0.058027,0.058037,0.058031,0.058011,0.057978,0.057932,0.057869,0.057788,0.057682,0.057547,0.057376,0.057161,0.056893,0.056561,0.056155,0.055663,0.055071,0.054367,0.053537,0.052567,0.051444,0.050157,0.048695,0.04705,0.045216,0.04319,0.040974,0.038571,0.035988,0.033239,0.030336,0.027298,0.024143,0.020893,0.01757,0.014198,0.0108,0.0073991,0.0040186,0.00068038,-0.0025945,-0.0057859,-0.0088748,-0.011843,-0.014674,-0.017352,-0.019862,-0.02219,-0.024323,-0.026251,-0.027962,-0.02945,-0.030706,-0.031728,-0.032512,-0.033058,-0.033369,-0.033447,-0.033298,-0.03293,-0.03235,-0.031568,-0.030594,-0.029441,-0.028118,-0.02664,-0.025019,-0.023267,-0.0214,-0.01943,-0.017372,-0.015241,-0.01305,-0.010816,-0.0085513,-0.0062723,-0.0039929,-0.0017274,0.00051039,0.0027075,0.0048516,0.0069314,0.0089371,0.01086,0.012693,0.01443,0.016068,0.017603,0.019035,0.020364,0.021592,0.022719,0.023749,0.024687,0.025535,0.026298,0.02698,0.027586,0.02812,0.028587,0.02899,0.029333,0.02962,0.029854,0.030039,0.030177,0.030271,0.030325,0.03034,0.030319,0.030265,0.030181,0.030068,0.029931,0.029771,0.029591,0.029394,0.029182,0.028958,0.028725,0.028484,0.028238,0.02799,0.02774,0.02749,0.027243,0.026998,0.026757,0.026521,0.02629,0.026065,0.025845,0.02563,0.025421,0.025217,0.025018,0.024824,0.024634,0.024448,0.024266,0.024087,0.023912,0.02374,0.023572,0.023407,0.023245,0.023087,0.022933,0.022782,0.022634,0.022489,0.022346,0.022201,0.022053,0.021898,0.021728,0.021538,0.021318,0.021059,0.020755,0.0204,0.019993,0.019537,0.019038
0.051586,0.053039,0.054278,0.055303,0.056127,0.056766,0.057244,0.057585,0.057814,0.057952,0.058023,0.058043,0.058029,0.057993,0.057946,0.057894,0.057843,0.057796,0.057754,0.057717,0.057684,0.057652,0.057618,0.057577,0.057523,0.057449,0.057347,0.057208,0.057023,0.05678,0.056467,0.056071,0.055578,0.054974,0.054242,0.053368,0.052335,0.05113,0.049738,0.048147,0.046347,0.044333,0.042099,0.039647,0.036981,0.034107,0.031039,0.027791,0.024382,0.020832,0.017166,0.013409,0.0095878,0.0057288,0.00186,-0.0019913,-0.0057981,-0.0095344,-0.013175,-0.016696,-0.020075,-0.023289,-0.026319,-0.029146,-0.03175,-0.034118,-0.036234,-0.038085,-0.039663,-0.040961,-0.041974,-0.042701,-0.043144,-0.043307,-0.043198,-0.042824,-0.042196,-0.041326,-0.040228,-0.038914,-0.0374,-0.0357,-0.033832,-0.03181,-0.029651,-0.027372,-0.02499,-0.022523,-0.019987,-0.017399,-0.014778,-0.01214,-0.0095022,-0.0068813,-0.0042933,-0.0017533,0.0007244,0.0031269,0.0054427,0.007662,0.0097765,0.01178,0.013668,0.015438,0.017088,0.018619,0.020031,0.021328,0.022513,0.023589,0.024561,0.025433,0.026211,0.026898,0.027499,0.02802,0.028464,0.028837,0.029142,0.029383,0.029565,0.029691,0.029765,0.029791,0.029773,0.029714,0.029619,0.029491,0.029335,0.029153,0.028949,0.028727,0.028492,0.028245,0.02799,0.02773,0.027467,0.027205,0.026944,0.026687,0.026435,0.026189,0.025949,0.025717,0.025492,0.025273,0.025062,0.024856,0.024657,0.024462,0.024271,0.024085,0.023901,0.023721,0.023543,0.023369,0.023197,0.023029,0.022866,0.022709,0.022558,0.022415,0.022283,0.022161,0.022052,0.021958,0.021879,0.021817,0.021771,0.021743,0.021729,0.021728,0.021734,0.02174,0.021737,0.021712,0.021653,0.021545,0.021377,0.021141
0.054814,0.055893,0.056735,0.057363,0.057802,0.058082,0.058233,0.058283,0.058259,0.058183,0.058077,0.057954,0.057827,0.057706,0.057596,0.057503,0.057428,0.057373,0.057337,0.057319,0.057316,0.057324,0.057338,0.057352,0.05736,0.057354,0.057325,0.057263,0.057159,0.057,0.056775,0.056468,0.056066,0.055553,0.054912,0.054127,0.05318,0.052054,0.050733,0.049201,0.047445,0.045454,0.043221,0.04074,0.038012,0.035041,0.031834,0.028404,0.024768,0.020945,0.016958,0.012834,0.0086016,0.004291,-6.5782e-05,-0.0044361,-0.008787,-0.013086,-0.017301,-0.021401,-0.025357,-0.02914,-0.032723,-0.036082,-0.039192,-0.042031,-0.044581,-0.046825,-0.048748,-0.05034,-0.051596,-0.052512,-0.05309,-0.053336,-0.053256,-0.052861,-0.052164,-0.05118,-0.049925,-0.048415,-0.04667,-0.044706,-0.042545,-0.040205,-0.037706,-0.03507,-0.032317,-0.029467,-0.026542,-0.023562,-0.020548,-0.01752,-0.014497,-0.0115,-0.0085469,-0.0056547,-0.0028399,-0.00011673,0.0025019,0.0050055,0.0073852,0.0096347,0.01175,0.013727,0.015567,0.017269,0.018836,0.020271,0.021577,0.02276,0.023823,0.024772,0.025612,0.026348,0.026986,0.027531,0.027988,0.028363,0.028659,0.028883,0.029039,0.029133,0.029169,0.029152,0.029088,0.028981,0.028836,0.028658,0.028453,0.028225,0.027978,0.027718,0.027447,0.027171,0.026892,0.026613,0.026339,0.02607,0.025808,0.025556,0.025313,0.025081,0.02486,0.024649,0.024449,0.024257,0.024074,0.023898,0.023728,0.023563,0.023401,0.023243,0.023086,0.02293,0.022776,0.022624,0.022473,0.022326,0.022184,0.022048,0.02192,0.021804,0.021702,0.021617,0.021552,0.021509,0.021492,0.021503,0.021543,0.021615,0.021718,0.021851,0.022014,0.022201,0.022406,0.022619,0.022827,0.023013,0.023157,0.02324
0.056901,0.057617,0.058111,0.058416,0.058566,0.058595,0.058534,0.058411,0.058249,0.058067,0.057879,0.057698,0.057532,0.057386,0.057267,0.057175,0.057113,0.057081,0.057076,0.057096,0.057137,0.057195,0.057264,0.057337,0.057408,0.057467,0.057507,0.057516,0.057485,0.0574,0.057251,0.057022,0.056698,0.056264,0.055703,0.054996,0.054126,0.053073,0.051819,0.050345,0.048635,0.046675,0.044451,0.041955,0.039183,0.036133,0.032811,0.029225,0.025387,0.021317,0.017035,0.012569,0.0079478,0.0032044,-0.0016257,-0.0065049,-0.011394,-0.016255,-0.021048,-0.025733,-0.030276,-0.034638,-0.038787,-0.042691,-0.046318,-0.049643,-0.052638,-0.055282,-0.057558,-0.05945,-0.06095,-0.062053,-0.062761,-0.063078,-0.063012,-0.062577,-0.061788,-0.060661,-0.059216,-0.057472,-0.055453,-0.05318,-0.050678,-0.04797,-0.045082,-0.042039,-0.038867,-0.035591,-0.032237,-0.02883,-0.025395,-0.021956,-0.018537,-0.01516,-0.011846,-0.0086152,-0.0054845,-0.0024696,0.00041625,0.0031625,0.0057611,0.0082063,0.010495,0.012625,0.014599,0.016417,0.018082,0.0196,0.020975,0.022213,0.023318,0.024298,0.025157,0.025903,0.02654,0.027076,0.027516,0.027865,0.02813,0.028317,0.028431,0.028479,0.028465,0.028397,0.028281,0.028121,0.027925,0.027698,0.027445,0.027173,0.026887,0.026591,0.02629,0.025989,0.025691,0.025399,0.025117,0.024847,0.024589,0.024347,0.02412,0.023908,0.023712,0.02353,0.023362,0.023206,0.023061,0.022926,0.022798,0.022675,0.022557,0.022442,0.022329,0.022217,0.022106,0.021996,0.021888,0.021784,0.021684,0.021591,0.021509,0.021441,0.021389,0.021359,0.021353,0.021376,0.021432,0.021523,0.021654,0.021826,0.02204,0.022298,0.022597,0.022938,0.023313,0.023718,0.024142,0.024571,0.024986,0.025364
0.058059,0.058504,0.058761,0.058866,0.058856,0.058761,0.058609,0.058422,0.058217,0.058009,0.057809,0.057626,0.057468,0.057338,0.05724,0.057176,0.057147,0.057152,0.057188,0.057252,0.057341,0.05745,0.057572,0.0577,0.057828,0.057947,0.058048,0.05812,0.058153,0.058134,0.058051,0.05789,0.057636,0.057273,0.056783,0.056147,0.055347,0.054361,0.053171,0.051754,0.050092,0.048165,0.045958,0.043457,0.040652,0.03754,0.034119,0.030395,0.026378,0.022083,0.01753,0.012746,0.0077604,0.0026078,-0.0026733,-0.008041,-0.013451,-0.018857,-0.024213,-0.029472,-0.034589,-0.03952,-0.044224,-0.048661,-0.052793,-0.056588,-0.060014,-0.063043,-0.065653,-0.067826,-0.06955,-0.070819,-0.071633,-0.071997,-0.071921,-0.071418,-0.070506,-0.069204,-0.067533,-0.065519,-0.063185,-0.060559,-0.057671,-0.054549,-0.051225,-0.04773,-0.044097,-0.040359,-0.036546,-0.032691,-0.028823,-0.024972,-0.021166,-0.01743,-0.013788,-0.010261,-0.0068664,-0.0036204,-0.00053496,0.0023808,0.0051207,0.0076815,0.010062,0.012264,0.01429,0.016145,0.017834,0.019362,0.020737,0.021965,0.023054,0.02401,0.024839,0.02555,0.026148,0.026639,0.027032,0.027331,0.027543,0.027675,0.027733,0.027723,0.027652,0.027526,0.027352,0.027137,0.026887,0.026608,0.026307,0.02599,0.025663,0.025331,0.024999,0.024672,0.024353,0.024047,0.023757,0.023484,0.023231,0.022998,0.022788,0.022598,0.02243,0.022282,0.022153,0.022041,0.021944,0.021861,0.021788,0.021725,0.021668,0.021616,0.021567,0.021521,0.021477,0.021435,0.021396,0.021361,0.021332,0.021311,0.021302,0.021308,0.021334,0.021383,0.021461,0.021571,0.021718,0.021906,0.022139,0.022419,0.022749,0.02313,0.023562,0.024043,0.024571,0.02514,0.025744,0.02637,0.027004,0.027625
0.058732,0.059027,0.059172,0.059201,0.059144,0.059028,0.058873,0.058696,0.05851,0.058328,0.058158,0.058008,0.057884,0.057789,0.057728,0.057701,0.05771,0.057752,0.057827,0.057931,0.058061,0.058212,0.058378,0.058554,0.058731,0.058901,0.059055,0.059183,0.059274,0.059316,0.059296,0.0592,0.059012,0.058716,0.058295,0.057729,0.056998,0.056081,0.054956,0.053599,0.051989,0.050103,0.047921,0.045426,0.042602,0.03944,0.035936,0.032091,0.027911,0.023409,0.018605,0.013523,0.0081936,0.0026537,-0.0030557,-0.0088887,-0.014795,-0.020723,-0.026618,-0.032424,-0.038089,-0.04356,-0.048786,-0.053721,-0.058321,-0.062545,-0.066358,-0.069727,-0.072624,-0.07503,-0.076929,-0.078316,-0.07919,-0.079556,-0.079426,-0.078814,-0.077741,-0.076226,-0.074295,-0.071973,-0.06929,-0.066276,-0.062965,-0.059393,-0.055599,-0.051622,-0.047503,-0.043282,-0.039001,-0.034699,-0.030412,-0.026176,-0.022023,-0.017981,-0.014075,-0.010327,-0.0067535,-0.0033684,-0.00018092,0.0028034,0.0055821,0.0081559,0.010528,0.012703,0.014687,0.016489,0.018115,0.019575,0.020876,0.022028,0.023038,0.023915,0.024666,0.025297,0.025817,0.026232,0.026548,0.026772,0.02691,0.026968,0.026953,0.026871,0.02673,0.026535,0.026293,0.026012,0.025699,0.02536,0.025002,0.024633,0.024257,0.023882,0.023512,0.023153,0.02281,0.022485,0.022184,0.021907,0.021659,0.021439,0.021248,0.021088,0.020956,0.020852,0.020775,0.020722,0.020691,0.020678,0.020682,0.0207,0.020727,0.020764,0.020806,0.020852,0.020903,0.020956,0.021013,0.021075,0.021143,0.02122,0.02131,0.021417,0.021543,0.021695,0.021876,0.022091,0.022346,0.022643,0.022988,0.023383,0.023831,0.024334,0.024892,0.025505,0.026171,0.026886,0.027644,0.028436,0.02925,0.030069
0.059462,0.059709,0.059837,0.059874,0.059844,0.059766,0.059657,0.059528,0.059393,0.059259,0.059136,0.05903,0.058945,0.058887,0.058859,0.058862,0.058897,0.058965,0.059065,0.059194,0.059351,0.05953,0.059727,0.059937,0.060152,0.060364,0.060565,0.060744,0.06089,0.060991,0.061033,0.061003,0.060884,0.060659,0.060311,0.059819,0.059163,0.058319,0.057265,0.055976,0.054426,0.052592,0.050447,0.047971,0.045144,0.041951,0.038382,0.034434,0.030111,0.025421,0.020383,0.015022,0.0093679,0.00346,-0.0026572,-0.0089333,-0.015312,-0.021735,-0.028139,-0.03446,-0.040635,-0.046602,-0.052304,-0.057685,-0.062694,-0.067285,-0.071417,-0.075054,-0.078165,-0.080729,-0.082731,-0.084163,-0.085027,-0.085329,-0.085085,-0.08431,-0.083027,-0.081258,-0.079029,-0.07637,-0.07331,-0.069885,-0.066134,-0.062097,-0.057822,-0.053356,-0.048751,-0.044059,-0.03933,-0.034614,-0.029955,-0.025394,-0.020968,-0.016706,-0.012634,-0.0087701,-0.0051292,-0.0017198,0.0014537,0.0043911,0.0070957,0.0095735,0.011832,0.013882,0.015732,0.017395,0.01888,0.020199,0.021362,0.022378,0.023257,0.024007,0.024637,0.025152,0.025561,0.025868,0.026081,0.026204,0.026245,0.026208,0.0261,0.025927,0.025696,0.025415,0.025089,0.024727,0.024336,0.023924,0.023498,0.023065,0.022633,0.022208,0.021797,0.021404,0.021035,0.020696,0.020388,0.020116,0.019882,0.019688,0.019533,0.019419,0.019344,0.019306,0.019304,0.019335,0.019396,0.019482,0.01959,0.019716,0.019857,0.020008,0.020168,0.020334,0.020504,0.020677,0.020853,0.021033,0.021218,0.021412,0.021618,0.021838,0.022079,0.022343,0.022636,0.022963,0.023329,0.023737,0.024192,0.024697,0.025256,0.02587,0.026541,0.027268,0.028053,0.02889,0.029777,0.030707,0.031668,0.032647
0.060761,0.061013,0.061166,0.061241,0.061258,0.061231,0.061174,0.061096,0.061007,0.060916,0.06083,0.060754,0.060694,0.060655,0.06064,0.060652,0.060694,0.060767,0.06087,0.061005,0.061168,0.061358,0.06157,0.0618,0.062042,0.062287,0.062527,0.062753,0.062952,0.063112,0.063219,0.063258,0.063213,0.063065,0.062795,0.062383,0.061807,0.061043,0.060067,0.058853,0.057373,0.0556,0.053506,0.051066,0.048255,0.045054,0.041445,0.037422,0.032982,0.028132,0.022887,0.017271,0.011316,0.0050632,-0.0014383,-0.0081327,-0.014957,-0.021844,-0.028722,-0.035518,-0.042158,-0.04857,-0.054688,-0.060448,-0.065794,-0.070672,-0.075039,-0.078857,-0.082093,-0.084725,-0.08674,-0.088133,-0.088907,-0.089073,-0.088647,-0.087651,-0.086108,-0.084044,-0.081489,-0.078473,-0.075028,-0.071193,-0.067008,-0.062522,-0.057787,-0.052862,-0.04781,-0.042694,-0.037576,-0.032516,-0.027568,-0.022777,-0.018182,-0.013813,-0.0096918,-0.0058327,-0.002244,0.0010722,0.0041185,0.0069016,0.0094312,0.011719,0.013779,0.015624,0.017269,0.018728,0.020014,0.021141,0.022119,0.022959,0.02367,0.024262,0.02474,0.025112,0.025384,0.025561,0.025647,0.025649,0.025571,0.025419,0.025199,0.024917,0.02458,0.024196,0.023773,0.023318,0.022841,0.022349,0.021852,0.021356,0.02087,0.020402,0.019958,0.019543,0.019165,0.018827,0.018534,0.018289,0.018094,0.017951,0.01786,0.01782,0.01783,0.017888,0.017991,0.018135,0.018314,0.018526,0.018764,0.019024,0.0193,0.019588,0.019885,0.020186,0.02049,0.020795,0.021101,0.021408,0.021718,0.022033,0.022356,0.022692,0.023045,0.023419,0.02382,0.024252,0.024719,0.025227,0.025779,0.026379,0.02703,0.027734,0.028494,0.029311,0.030184,0.031113,0.032095,0.033124,0.034194,0.035291
0.062964,0.063213,0.063374,0.063466,0.063503,0.063497,0.063459,0.063399,0.063324,0.063242,0.06316,0.063083,0.063017,0.062967,0.062937,0.062932,0.062954,0.063007,0.063093,0.063211,0.063363,0.063546,0.063759,0.063997,0.064255,0.064526,0.064802,0.065071,0.065322,0.065542,0.065717,0.065829,0.065861,0.065795,0.065609,0.065282,0.064791,0.064111,0.063217,0.062082,0.060678,0.058975,0.056945,0.054557,0.051784,0.048601,0.044986,0.040925,0.03641,0.031443,0.026034,0.020207,0.013992,0.0074348,0.0005875,-0.0064868,-0.013717,-0.021026,-0.028332,-0.035549,-0.042595,-0.049388,-0.05585,-0.061912,-0.067509,-0.072588,-0.0771,-0.081006,-0.084276,-0.086889,-0.088834,-0.090109,-0.090723,-0.090689,-0.090029,-0.088768,-0.086935,-0.084559,-0.081671,-0.078306,-0.074498,-0.070286,-0.065714,-0.060835,-0.055708,-0.0504,-0.044983,-0.039533,-0.034126,-0.028829,-0.023704,-0.018801,-0.014157,-0.0097988,-0.0057432,-0.0019975,0.001438,0.0045689,0.0074055,0.0099612,0.012252,0.014294,0.016107,0.017707,0.019112,0.020338,0.0214,0.022313,0.023087,0.023734,0.024262,0.02468,0.024993,0.025208,0.02533,0.025362,0.025309,0.025176,0.024968,0.02469,0.024349,0.023951,0.023504,0.023017,0.022498,0.021958,0.021404,0.020846,0.020293,0.019755,0.019239,0.018752,0.018303,0.017897,0.01754,0.017237,0.016991,0.016806,0.016683,0.016623,0.016626,0.016691,0.016814,0.016994,0.017224,0.017501,0.017817,0.018169,0.018548,0.018949,0.019365,0.019792,0.020225,0.020659,0.021092,0.021522,0.021949,0.022373,0.022797,0.023222,0.023653,0.024093,0.024547,0.025019,0.025515,0.026039,0.026596,0.027189,0.027822,0.028499,0.029223,0.029996,0.030821,0.031699,0.032631,0.033617,0.034656,0.035744,0.036877,0.038045
0.066094,0.066292,0.066411,0.066466,0.066469,0.066432,0.066362,0.06627,0.066162,0.066046,0.065926,0.065811,0.065704,0.065612,0.065539,0.065491,0.065471,0.065483,0.065531,0.065617,0.065742,0.065906,0.066108,0.066345,0.066613,0.066904,0.06721,0.067521,0.067825,0.068107,0.068351,0.06854,0.068654,0.068672,0.068574,0.068336,0.067934,0.067342,0.066534,0.065484,0.064161,0.062538,0.060582,0.058265,0.055555,0.052423,0.048844,0.044795,0.040264,0.035244,0.029741,0.023772,0.01737,0.010578,0.0034544,-0.0039314,-0.011499,-0.01916,-0.026822,-0.034387,-0.04176,-0.048849,-0.05557,-0.061845,-0.067607,-0.072799,-0.077371,-0.081286,-0.084516,-0.087041,-0.088857,-0.089965,-0.090378,-0.090116,-0.089205,-0.087675,-0.085559,-0.082891,-0.079707,-0.076044,-0.071938,-0.067431,-0.062568,-0.057405,-0.052003,-0.046437,-0.040787,-0.035139,-0.029576,-0.024175,-0.019002,-0.014107,-0.0095254,-0.0052775,-0.0013726,0.0021895,0.0054162,0.0083204,0.010918,0.013228,0.015271,0.017067,0.018636,0.019999,0.021174,0.022179,0.02303,0.023739,0.024319,0.02478,0.025131,0.025379,0.025529,0.025587,0.025558,0.025444,0.025252,0.024985,0.024649,0.024251,0.023797,0.023296,0.022756,0.022187,0.021598,0.021,0.020402,0.019813,0.019243,0.018701,0.018194,0.01773,0.017317,0.016959,0.016662,0.016431,0.016269,0.016177,0.016157,0.016208,0.01633,0.016519,0.016771,0.017083,0.017447,0.017858,0.018308,0.01879,0.019297,0.019822,0.020357,0.020897,0.021438,0.021975,0.022506,0.02303,0.023548,0.02406,0.02457,0.025081,0.025597,0.026122,0.026662,0.02722,0.027801,0.02841,0.029049,0.029723,0.030434,0.031184,0.031976,0.032812,0.033693,0.034621,0.035596,0.03662,0.037691,0.038808,0.039968,0.041165
0.069885,0.06999,0.070025,0.070002,0.069932,0.069825,0.069688,0.069531,0.069359,0.06918,0.068998,0.06882,0.068652,0.068499,0.068365,0.068257,0.068179,0.068136,0.068134,0.068175,0.068261,0.068396,0.068577,0.068804,0.069073,0.069377,0.069708,0.070056,0.070407,0.070747,0.071057,0.07132,0.071513,0.071616,0.071605,0.071455,0.071142,0.07064,0.069922,0.06896,0.067728,0.066195,0.064331,0.062106,0.059488,0.056447,0.052952,0.048978,0.044503,0.039514,0.034011,0.028004,0.021521,0.014606,0.0073176,-0.00026759,-0.008061,-0.015964,-0.02387,-0.031672,-0.039264,-0.046545,-0.053423,-0.059816,-0.065656,-0.070882,-0.075449,-0.079318,-0.082464,-0.084872,-0.086539,-0.087473,-0.087691,-0.087219,-0.086088,-0.084332,-0.081989,-0.079099,-0.075701,-0.071836,-0.067545,-0.062869,-0.057858,-0.052564,-0.047052,-0.041398,-0.035686,-0.030006,-0.024447,-0.019088,-0.013996,-0.0092172,-0.0047831,-0.00070806,0.0030059,0.0063654,0.0093836,0.012077,0.014466,0.016571,0.018414,0.020016,0.021398,0.02258,0.02358,0.024415,0.025099,0.025646,0.026067,0.026373,0.02657,0.026666,0.026669,0.026582,0.026411,0.026163,0.025841,0.025454,0.025006,0.024508,0.023966,0.02339,0.02279,0.022176,0.021558,0.020945,0.020347,0.019773,0.019232,0.018731,0.018278,0.01788,0.017543,0.017271,0.01707,0.016943,0.016892,0.016918,0.017021,0.017199,0.01745,0.017768,0.01815,0.018587,0.019073,0.019599,0.020157,0.020739,0.021337,0.021942,0.02255,0.023153,0.02375,0.024336,0.024913,0.02548,0.026039,0.026595,0.027151,0.027714,0.028287,0.028876,0.029487,0.030123,0.030788,0.031486,0.032217,0.032985,0.033789,0.03463,0.035509,0.036426,0.03738,0.038372,0.039402,0.040471,0.041576,0.042719,0.043895,0.045101
0.073993,0.074009,0.073966,0.073874,0.073741,0.073574,0.073383,0.073171,0.072947,0.072715,0.072481,0.07225,0.072026,0.071816,0.071624,0.071457,0.07132,0.07122,0.071161,0.07115,0.071189,0.071283,0.071431,0.071634,0.071888,0.072187,0.072524,0.072888,0.073265,0.07364,0.073994,0.074307,0.074558,0.074724,0.07478,0.074702,0.074464,0.074041,0.073407,0.072534,0.071396,0.069964,0.068209,0.066102,0.06361,0.060702,0.057346,0.053514,0.049177,0.044319,0.038928,0.03301,0.026586,0.019695,0.012398,0.0047738,-0.0030839,-0.011067,-0.019062,-0.026949,-0.034616,-0.041955,-0.04887,-0.055277,-0.061107,-0.066301,-0.070813,-0.074606,-0.077658,-0.079954,-0.081494,-0.082291,-0.082366,-0.081748,-0.080471,-0.078575,-0.076101,-0.073093,-0.069596,-0.065653,-0.061311,-0.056615,-0.051614,-0.046362,-0.040924,-0.035371,-0.029786,-0.024257,-0.018869,-0.013699,-0.0088088,-0.0042405,-1.8336e-05,0.0038489,0.0073641,0.010538,0.013385,0.015924,0.018174,0.020154,0.021885,0.023385,0.024671,0.025762,0.026671,0.027414,0.028003,0.028449,0.028763,0.028955,0.029033,0.029005,0.028879,0.028664,0.028366,0.027995,0.027558,0.027065,0.026526,0.02595,0.025348,0.024729,0.024105,0.023484,0.022876,0.02229,0.021734,0.021216,0.020742,0.02032,0.019955,0.019655,0.019422,0.019263,0.019181,0.019177,0.019254,0.019411,0.019646,0.019956,0.020336,0.02078,0.02128,0.021828,0.022414,0.023028,0.023661,0.024304,0.024947,0.025585,0.026211,0.026821,0.027415,0.027991,0.028554,0.029105,0.029652,0.030202,0.030761,0.031337,0.031938,0.032571,0.033241,0.033952,0.034706,0.035505,0.036349,0.037236,0.038164,0.039129,0.04013,0.041163,0.042226,0.043317,0.044433,0.045572,0.046735,0.047918,0.049119,0.050335
0.078114,0.078099,0.078038,0.077938,0.077803,0.07764,0.077452,0.077245,0.077022,0.076788,0.076546,0.076301,0.076057,0.07582,0.075594,0.075388,0.075206,0.075056,0.074944,0.074879,0.074864,0.074904,0.075001,0.075156,0.075367,0.075628,0.075931,0.076267,0.076621,0.076978,0.07732,0.077626,0.077877,0.078049,0.078119,0.078064,0.077859,0.077481,0.076903,0.076101,0.07505,0.073721,0.072088,0.070121,0.067791,0.065065,0.06191,0.058297,0.054194,0.049579,0.044436,0.038762,0.032572,0.0259,0.018802,0.011355,0.0036543,-0.0041893,-0.012057,-0.019826,-0.02738,-0.034608,-0.041414,-0.047713,-0.053437,-0.05853,-0.062944,-0.066644,-0.069607,-0.071819,-0.07328,-0.074005,-0.074014,-0.07334,-0.072017,-0.070087,-0.067592,-0.064578,-0.061096,-0.057194,-0.052923,-0.048335,-0.043482,-0.038421,-0.033214,-0.027932,-0.022647,-0.017441,-0.012387,-0.0075527,-0.0029882,0.0012729,0.0052142,0.0088327,0.012135,0.015133,0.017843,0.020279,0.022459,0.024396,0.026105,0.027597,0.028886,0.02998,0.03089,0.031624,0.032192,0.0326,0.03286,0.032979,0.032967,0.032836,0.032596,0.032259,0.031838,0.031346,0.030797,0.030204,0.029581,0.028939,0.028291,0.027649,0.027021,0.026417,0.025843,0.025308,0.024817,0.024375,0.023989,0.023663,0.023402,0.023211,0.023095,0.023058,0.023102,0.023229,0.023439,0.023732,0.024104,0.02455,0.025062,0.025632,0.026249,0.026903,0.027583,0.028275,0.028969,0.029655,0.030324,0.030969,0.031586,0.032172,0.032728,0.033257,0.033766,0.034263,0.034757,0.03526,0.035784,0.036341,0.036942,0.037596,0.03831,0.039087,0.039931,0.04084,0.04181,0.042837,0.043913,0.045032,0.046185,0.047365,0.048567,0.049782,0.051008,0.05224,0.053474,0.054706,0.055935,0.057155
0.081825,0.081852,0.081849,0.081817,0.081758,0.081671,0.081559,0.081422,0.081262,0.081081,0.080881,0.080666,0.08044,0.080207,0.079975,0.079751,0.079541,0.079353,0.079197,0.079079,0.079006,0.078982,0.079012,0.079094,0.079228,0.079409,0.079628,0.079875,0.080139,0.080403,0.080652,0.080867,0.081029,0.08112,0.081119,0.081006,0.08076,0.08036,0.079784,0.079011,0.078016,0.076777,0.075268,0.073462,0.07133,0.068842,0.065969,0.062677,0.058938,0.054724,0.050018,0.04481,0.039107,0.032934,0.026338,0.019385,0.012164,0.0047788,-0.0026574,-0.010026,-0.017213,-0.024109,-0.03062,-0.036662,-0.042167,-0.047077,-0.051345,-0.054933,-0.057815,-0.059975,-0.061411,-0.062133,-0.062159,-0.061517,-0.060241,-0.058369,-0.055942,-0.05301,-0.049623,-0.045837,-0.04171,-0.037302,-0.032675,-0.027891,-0.023016,-0.018118,-0.013263,-0.0085192,-0.0039447,0.00041139,0.0045147,0.0083463,0.011901,0.015185,0.018209,0.020988,0.023537,0.025867,0.027989,0.029911,0.031638,0.033173,0.034517,0.03567,0.036634,0.037409,0.037997,0.038403,0.038632,0.038693,0.038597,0.038359,0.037994,0.037521,0.036959,0.036327,0.035646,0.034935,0.034212,0.033492,0.032789,0.032114,0.031476,0.030882,0.030337,0.029846,0.029411,0.029036,0.028725,0.028482,0.02831,0.028214,0.028199,0.02827,0.028429,0.02868,0.029022,0.029454,0.029971,0.030566,0.03123,0.031952,0.032718,0.033513,0.034324,0.035135,0.035932,0.036703,0.037437,0.038128,0.038769,0.03936,0.039902,0.0404,0.040864,0.041306,0.04174,0.042183,0.042652,0.043165,0.043737,0.044383,0.045112,0.045931,0.046842,0.047843,0.048927,0.050084,0.051304,0.052572,0.053874,0.055198,0.056531,0.057862,0.059183,0.060486,0.061766,0.063019,0.064242,0.065429
0.084448,0.084552,0.08464,0.084709,0.084753,0.08477,0.084755,0.084706,0.084621,0.084501,0.084347,0.084163,0.083953,0.083723,0.083481,0.083235,0.082995,0.082769,0.082567,0.082396,0.082263,0.082173,0.082127,0.082126,0.082166,0.082243,0.082346,0.082466,0.082591,0.082707,0.082799,0.082853,0.082854,0.082785,0.082633,0.082382,0.082018,0.081524,0.080887,0.080088,0.079112,0.077939,0.076551,0.074925,0.073039,0.070868,0.068384,0.065561,0.062371,0.058788,0.054792,0.050368,0.045514,0.040242,0.03458,0.028576,0.022294,0.015817,0.0092384,0.0026607,-0.003813,-0.010083,-0.016056,-0.021649,-0.026789,-0.031414,-0.035471,-0.038916,-0.041715,-0.043846,-0.045296,-0.046066,-0.046167,-0.045617,-0.044442,-0.042676,-0.040357,-0.037534,-0.034261,-0.0306,-0.026619,-0.02239,-0.017989,-0.013492,-0.0089729,-0.004503,-0.00014518,0.0040465,0.0080304,0.011779,0.015279,0.018531,0.021547,0.024345,0.026947,0.029371,0.031633,0.033744,0.03571,0.03753,0.0392,0.040711,0.042054,0.043217,0.044191,0.044965,0.045535,0.045899,0.04606,0.046025,0.045806,0.045423,0.044895,0.044247,0.043506,0.042698,0.04185,0.040987,0.040129,0.039296,0.038502,0.037758,0.03707,0.036444,0.035882,0.035385,0.034955,0.034592,0.034299,0.034079,0.033937,0.03388,0.033914,0.034046,0.034283,0.034628,0.035084,0.035651,0.036324,0.037095,0.037953,0.038883,0.039868,0.040889,0.041926,0.042961,0.043973,0.044947,0.045866,0.046721,0.047501,0.048204,0.04883,0.049383,0.049875,0.050318,0.050732,0.051137,0.051557,0.052016,0.052536,0.053138,0.053838,0.054646,0.055567,0.056599,0.057734,0.05896,0.060259,0.061613,0.062999,0.064398,0.065792,0.067165,0.068502,0.069797,0.07104,0.07223,0.073363,0.074438
0.085734,0.085875,0.086011,0.086134,0.086233,0.086302,0.086332,0.086318,0.086255,0.086143,0.085983,0.085779,0.085536,0.085264,0.084972,0.084671,0.084372,0.084084,0.08382,0.083585,0.083388,0.083232,0.083117,0.083042,0.083001,0.082989,0.082993,0.083004,0.083007,0.082991,0.082941,0.082845,0.082691,0.082468,0.082166,0.081776,0.081288,0.080697,0.079993,0.07917,0.078219,0.077131,0.075896,0.074502,0.072933,0.071174,0.069205,0.067005,0.064551,0.061821,0.058792,0.055447,0.051773,0.047768,0.043439,0.038806,0.033904,0.028782,0.023502,0.018137,0.012765,0.0074716,0.0023402,-0.0025476,-0.0071151,-0.011292,-0.015015,-0.018228,-0.020886,-0.022952,-0.024398,-0.025209,-0.025378,-0.024912,-0.023823,-0.022137,-0.019889,-0.017127,-0.01391,-0.010309,-0.0064059,-0.0022885,0.0019496,0.0062145,0.010418,0.01448,0.018338,0.021946,0.025277,0.028323,0.031093,0.033609,0.035903,0.038011,0.039966,0.041799,0.043529,0.045172,0.04673,0.048198,0.049567,0.05082,0.051937,0.052899,0.053686,0.054282,0.054676,0.054862,0.054839,0.054616,0.054205,0.053625,0.052901,0.05206,0.051133,0.050148,0.049135,0.048119,0.047123,0.046165,0.045258,0.044411,0.043629,0.042914,0.042267,0.041687,0.041174,0.040729,0.040356,0.04006,0.039849,0.039733,0.039722,0.03983,0.040066,0.040441,0.04096,0.041626,0.042436,0.043383,0.044453,0.045631,0.046895,0.048221,0.049582,0.050953,0.052307,0.05362,0.054868,0.056033,0.057101,0.05806,0.058907,0.059644,0.060277,0.06082,0.061294,0.061723,0.062134,0.062556,0.06302,0.063552,0.064174,0.064903,0.065749,0.066713,0.067788,0.06896,0.07021,0.071515,0.072849,0.074188,0.075508,0.076788,0.078013,0.079173,0.080261,0.081275,0.082217,0.083089
0.08705,0.08717,0.087291,0.087402,0.08749,0.087545,0.087556,0.087515,0.087415,0.087256,0.087038,0.086765,0.086447,0.086092,0.085713,0.085323,0.084936,0.084564,0.084218,0.083909,0.083643,0.083423,0.083252,0.083125,0.083037,0.08298,0.082943,0.082914,0.082877,0.082821,0.08273,0.082593,0.082398,0.082135,0.081797,0.081378,0.080876,0.080288,0.079614,0.078854,0.078011,0.077085,0.076075,0.074979,0.073791,0.072505,0.071107,0.069583,0.067914,0.066081,0.064062,0.061837,0.059387,0.056699,0.053764,0.050583,0.047166,0.043534,0.039717,0.035759,0.031711,0.027634,0.023595,0.019664,0.015913,0.012415,0.0092374,0.0064464,0.0041007,0.0022528,0.00094714,0.00021912,9.3929e-05,0.00058511,0.0016931,0.0034035,0.0056856,0.0084913,0.011754,0.015391,0.019306,0.023391,0.027535,0.031629,0.035568,0.039266,0.042656,0.045692,0.048357,0.050656,0.052614,0.054272,0.055681,0.056892,0.057956,0.058915,0.059803,0.06064,0.061435,0.062186,0.062885,0.063514,0.064055,0.064488,0.064792,0.064952,0.064957,0.0648,0.064481,0.064005,0.063385,0.062636,0.061778,0.060835,0.059829,0.058785,0.057726,0.056671,0.055636,0.054633,0.053671,0.052756,0.051889,0.051071,0.050303,0.049585,0.048919,0.048309,0.047762,0.047289,0.046903,0.046619,0.046456,0.04643,0.046558,0.046856,0.047333,0.047996,0.048846,0.049876,0.051074,0.052423,0.0539,0.055476,0.057122,0.058804,0.060489,0.062145,0.063741,0.065251,0.066651,0.067924,0.069058,0.07005,0.070901,0.071623,0.072232,0.072753,0.073214,0.073645,0.07408,0.07455,0.07508,0.075694,0.076404,0.077216,0.078128,0.079129,0.080201,0.081322,0.082468,0.083613,0.084733,0.085808,0.08682,0.087761,0.088624,0.089409,0.090121,0.090766
0.090425,0.090518,0.090611,0.090694,0.090753,0.090775,0.09075,0.090668,0.090523,0.090314,0.09004,0.089709,0.089329,0.088912,0.088471,0.088021,0.087576,0.087152,0.086759,0.086409,0.086108,0.085863,0.085674,0.085539,0.085454,0.085411,0.0854,0.085408,0.085421,0.085424,0.085403,0.085343,0.085233,0.085061,0.084819,0.084504,0.084114,0.08365,0.083118,0.082523,0.081873,0.081177,0.080441,0.079671,0.078868,0.078031,0.077152,0.076222,0.075224,0.07414,0.07295,0.071633,0.070167,0.068533,0.066719,0.064715,0.062519,0.060137,0.057584,0.054883,0.052066,0.049174,0.046255,0.043364,0.040559,0.037906,0.035468,0.033311,0.031499,0.03009,0.029141,0.028698,0.0288,0.029476,0.030737,0.032579,0.034976,0.03788,0.041216,0.044892,0.048796,0.052806,0.056798,0.060654,0.064265,0.067543,0.07042,0.072855,0.074833,0.076364,0.077481,0.078235,0.078686,0.078901,0.078942,0.078866,0.078718,0.078532,0.078328,0.078117,0.0779,0.077672,0.077422,0.07714,0.076814,0.076435,0.075995,0.07549,0.074917,0.074278,0.073577,0.072821,0.072016,0.071172,0.0703,0.069407,0.068503,0.067594,0.066687,0.065784,0.064887,0.063997,0.063115,0.06224,0.061375,0.060525,0.059695,0.058895,0.05814,0.057445,0.05683,0.056317,0.055928,0.055685,0.055609,0.055719,0.056029,0.056546,0.057275,0.058211,0.059345,0.060659,0.062131,0.063735,0.065438,0.067208,0.069007,0.070803,0.072559,0.074245,0.075833,0.0773,0.07863,0.079812,0.080844,0.081731,0.082485,0.083126,0.083677,0.084167,0.084625,0.085081,0.085561,0.086089,0.08668,0.087343,0.08808,0.088886,0.089747,0.090648,0.091566,0.092482,0.093375,0.094225,0.095021,0.095752,0.096414,0.097008,0.097539,0.098014
0.096848,0.096917,0.09698,0.097026,0.097043,0.097021,0.096949,0.09682,0.096631,0.09638,0.096072,0.095713,0.095313,0.094884,0.09444,0.093996,0.093564,0.093158,0.092789,0.092466,0.092197,0.091986,0.091836,0.091745,0.091711,0.091727,0.091786,0.091875,0.091982,0.092094,0.092194,0.092268,0.092303,0.092288,0.092214,0.092076,0.091874,0.091611,0.091293,0.090929,0.090531,0.090109,0.089673,0.089233,0.088791,0.08835,0.087903,0.087443,0.086954,0.08642,0.085821,0.085136,0.084344,0.083429,0.082375,0.081175,0.079824,0.078327,0.076693,0.07494,0.073092,0.071177,0.069234,0.067302,0.065429,0.063665,0.062064,0.060684,0.059581,0.058811,0.058426,0.058473,0.05899,0.060005,0.061533,0.063569,0.066087,0.069038,0.072345,0.075907,0.079609,0.083322,0.086922,0.09029,0.093328,0.095956,0.098119,0.099787,0.10095,0.10164,0.10188,0.10173,0.10126,0.10054,0.099649,0.098641,0.097574,0.09649,0.095422,0.09439,0.093405,0.092474,0.091598,0.090774,0.089999,0.089269,0.088579,0.087924,0.087298,0.086695,0.086109,0.085534,0.084964,0.084391,0.08381,0.083215,0.0826,0.08196,0.081289,0.080582,0.079837,0.079049,0.078219,0.077348,0.076442,0.075506,0.074555,0.073602,0.072667,0.07177,0.070936,0.070189,0.069556,0.06906,0.068725,0.06857,0.06861,0.068855,0.069311,0.069976,0.070842,0.071896,0.073119,0.074488,0.075975,0.077549,0.079178,0.08083,0.082471,0.084072,0.085604,0.087043,0.088372,0.089578,0.090654,0.0916,0.092424,0.093136,0.093755,0.094302,0.094798,0.095268,0.095734,0.096216,0.096728,0.097282,0.097881,0.098525,0.099207,0.099915,0.10064,0.10135,0.10205,0.10272,0.10334,0.10392,0.10444,0.10491,0.10533,0.10571
0.10583,0.10585,0.10584,0.10581,0.10575,0.10565,0.1055,0.1053,0.10505,0.10475,0.10441,0.10403,0.10364,0.10323,0.10283,0.10243,0.10206,0.10172,0.10143,0.10118,0.10098,0.10084,0.10076,0.10074,0.10078,0.10087,0.10101,0.10119,0.1014,0.10162,0.10185,0.10207,0.10227,0.10243,0.10255,0.10261,0.10263,0.1026,0.10252,0.10241,0.10228,0.10214,0.10199,0.10185,0.10172,0.1016,0.10148,0.10136,0.10122,0.10105,0.10083,0.10054,0.10017,0.099702,0.099128,0.098443,0.097651,0.096758,0.095778,0.094731,0.093637,0.092526,0.091427,0.090374,0.089403,0.08855,0.087859,0.087369,0.087125,0.087168,0.087538,0.08827,0.089388,0.090908,0.09283,0.095139,0.097799,0.10075,0.10392,0.10721,0.1105,0.11367,0.11661,0.11922,0.12141,0.12312,0.12433,0.12502,0.12521,0.12494,0.12427,0.12326,0.12198,0.12051,0.11893,0.1173,0.11565,0.11405,0.11252,0.11107,0.10972,0.10848,0.10735,0.10634,0.10544,0.10466,0.10397,0.10339,0.10289,0.10247,0.10212,0.10181,0.10153,0.10126,0.101,0.10071,0.10039,0.10002,0.099586,0.099088,0.098513,0.097856,0.097118,0.0963,0.095408,0.094453,0.093447,0.09241,0.091361,0.090324,0.089324,0.088385,0.087533,0.086793,0.086185,0.08573,0.085442,0.085333,0.085409,0.085673,0.086122,0.086746,0.087534,0.088467,0.089524,0.090682,0.091913,0.09319,0.094485,0.095772,0.097026,0.098227,0.099356,0.1004,0.10136,0.10222,0.10299,0.10367,0.10428,0.10482,0.10531,0.10577,0.10621,0.10664,0.10708,0.10753,0.108,0.1085,0.10901,0.10954,0.11008,0.11061,0.11113,0.11163,0.1121,0.11254,0.11295,0.11333,0.11368,0.11401
0.11619,0.11611,0.116,0.11587,0.1157,0.11549,0.11525,0.11497,0.11465,0.1143,0.11393,0.11355,0.11316,0.11278,0.11241,0.11206,0.11175,0.11147,0.11124,0.11104,0.1109,0.1108,0.11076,0.11077,0.11084,0.11097,0.11115,0.11138,0.11166,0.11196,0.11229,0.11262,0.11295,0.11326,0.11355,0.1138,0.11401,0.11418,0.11432,0.11443,0.11453,0.11461,0.11468,0.11476,0.11483,0.11491,0.11498,0.11504,0.11508,0.11509,0.11505,0.11495,0.11479,0.11456,0.11426,0.1139,0.11349,0.11303,0.11256,0.11209,0.11165,0.11128,0.11099,0.11081,0.11078,0.11092,0.11124,0.11177,0.11254,0.11356,0.11484,0.11641,0.11827,0.12041,0.12281,0.12545,0.12828,0.13122,0.1342,0.13712,0.13987,0.14235,0.14445,0.14611,0.14727,0.1479,0.148,0.1476,0.14674,0.14551,0.14396,0.1422,0.14029,0.13832,0.13634,0.13441,0.13256,0.13082,0.12922,0.12775,0.12644,0.12527,0.12425,0.12338,0.12264,0.12204,0.12157,0.12121,0.12094,0.12077,0.12066,0.1206,0.12056,0.12054,0.1205,0.12043,0.12032,0.12015,0.11991,0.11958,0.11916,0.11864,0.11802,0.11731,0.11649,0.1156,0.11463,0.1136,0.11254,0.11146,0.11039,0.10934,0.10835,0.10742,0.10658,0.10585,0.10524,0.10477,0.10443,0.10425,0.10421,0.10432,0.10458,0.10497,0.10547,0.10608,0.10678,0.10753,0.10833,0.10915,0.10997,0.11078,0.11156,0.11231,0.11301,0.11366,0.11427,0.11484,0.11536,0.11585,0.1163,0.11673,0.11713,0.11752,0.1179,0.11827,0.11864,0.11901,0.11938,0.11975,0.12011,0.12046,0.12081,0.12114,0.12146,0.12176,0.12206,0.12234,0.12263,0.12291
0.12597,0.12579,0.12558,0.12534,0.12506,0.12476,0.12443,0.12407,0.1237,0.1233,0.1229,0.1225,0.1221,0.12171,0.12135,0.121,0.12069,0.1204,0.12014,0.11991,0.11972,0.11956,0.11945,0.1194,0.1194,0.11945,0.11958,0.11976,0.12001,0.1203,0.12064,0.121,0.12138,0.12176,0.12213,0.12249,0.12281,0.12311,0.12338,0.12362,0.12384,0.12404,0.12422,0.12439,0.12454,0.12467,0.12479,0.12488,0.12494,0.12496,0.12494,0.12488,0.12478,0.12464,0.12447,0.12428,0.12411,0.12397,0.12388,0.12389,0.12403,0.12432,0.1248,0.12549,0.12639,0.12754,0.12891,0.13052,0.13234,0.13437,0.13658,0.13898,0.14153,0.14421,0.147,0.14986,0.15273,0.15554,0.15823,0.16068,0.16282,0.16455,0.1658,0.16652,0.16668,0.1663,0.1654,0.16406,0.16235,0.16037,0.15821,0.15596,0.15372,0.15154,0.14948,0.14758,0.14585,0.14432,0.14299,0.14184,0.14088,0.14009,0.13946,0.13898,0.13863,0.1384,0.13826,0.13822,0.13824,0.1383,0.1384,0.13852,0.13864,0.13874,0.13883,0.13887,0.13887,0.13882,0.1387,0.1385,0.13823,0.13787,0.13741,0.13686,0.13622,0.13549,0.13467,0.13379,0.13285,0.13187,0.13086,0.12984,0.12884,0.12786,0.12691,0.12603,0.12521,0.12446,0.12381,0.12325,0.12279,0.12245,0.12221,0.12207,0.12204,0.1221,0.12225,0.12246,0.12273,0.12304,0.12339,0.12375,0.12413,0.12453,0.12493,0.12534,0.12575,0.12617,0.12658,0.127,0.12741,0.12781,0.1282,0.12857,0.12892,0.12925,0.12956,0.12985,0.13011,0.13034,0.13056,0.13075,0.13093,0.13109,0.13125,0.1314,0.13156,0.13172,0.13189,0.13208
0.1323,0.13199,0.13165,0.13128,0.13089,0.13047,0.13004,0.1296,0.12916,0.12871,0.12826,0.12783,0.1274,0.12699,0.12659,0.1262,0.12582,0.12546,0.1251,0.12476,0.12444,0.12413,0.12386,0.12364,0.12347,0.12337,0.12334,0.12339,0.12352,0.12372,0.12398,0.12429,0.12464,0.125,0.12536,0.12572,0.12606,0.12637,0.12666,0.12692,0.12716,0.12737,0.12755,0.12771,0.12785,0.12796,0.12804,0.12808,0.1281,0.12807,0.12801,0.12792,0.12779,0.12765,0.12751,0.12739,0.12732,0.12733,0.12746,0.12774,0.12823,0.12895,0.12995,0.13123,0.13282,0.1347,0.13686,0.13926,0.14187,0.14463,0.14749,0.15042,0.15338,0.15632,0.15922,0.16204,0.16474,0.16726,0.16955,0.17153,0.17312,0.17427,0.17492,0.17503,0.1746,0.17365,0.17225,0.17046,0.16838,0.16613,0.1638,0.1615,0.15931,0.15728,0.15548,0.15392,0.15261,0.15156,0.15075,0.15017,0.14978,0.14957,0.14951,0.14957,0.14972,0.14994,0.1502,0.15048,0.15077,0.15105,0.1513,0.15154,0.15174,0.15192,0.15208,0.15221,0.15231,0.15238,0.15242,0.15242,0.15237,0.15225,0.15207,0.15182,0.15148,0.15106,0.15055,0.14997,0.14931,0.14859,0.14781,0.147,0.14616,0.14529,0.14443,0.14356,0.14271,0.14188,0.14108,0.14033,0.13962,0.13898,0.1384,0.13788,0.13744,0.13706,0.13675,0.1365,0.13631,0.13617,0.13608,0.13604,0.13605,0.13611,0.13621,0.13637,0.13657,0.13682,0.13711,0.13744,0.13778,0.13813,0.13848,0.13882,0.13914,0.13942,0.13966,0.13986,0.14002,0.14013,0.14021,0.14025,0.14027,0.14027,0.14025,0.14024,0.14022,0.14022,0.14022,0.14024
0.13312,0.13263,0.1321,0.13154,0.13096,0.13038,0.1298,0.12923,0.12868,0.12815,0.12764,0.12717,0.12671,0.12628,0.12587,0.12547,0.12507,0.12467,0.12426,0.12385,0.12343,0.12302,0.12262,0.12226,0.12195,0.1217,0.12154,0.12145,0.12146,0.12155,0.12171,0.12193,0.12219,0.12247,0.12275,0.12303,0.12328,0.12351,0.12372,0.12391,0.12407,0.12422,0.12436,0.12448,0.12459,0.12468,0.12476,0.12481,0.12483,0.12482,0.12477,0.12469,0.12458,0.12444,0.12429,0.12415,0.12405,0.12403,0.12412,0.12439,0.12487,0.12561,0.12666,0.12803,0.12975,0.13179,0.13413,0.13672,0.1395,0.1424,0.14536,0.14832,0.15122,0.15402,0.1567,0.15922,0.16156,0.16368,0.16555,0.16712,0.16835,0.16919,0.16961,0.16958,0.16909,0.16817,0.16687,0.16525,0.16341,0.16145,0.15948,0.15759,0.15586,0.15436,0.15312,0.15216,0.15149,0.1511,0.15096,0.15104,0.1513,0.15171,0.15223,0.15282,0.15344,0.15407,0.15467,0.15524,0.15575,0.15621,0.15661,0.15697,0.15729,0.15759,0.15788,0.15817,0.15846,0.15876,0.15906,0.15936,0.15964,0.1599,0.16012,0.16029,0.16039,0.16041,0.16036,0.16022,0.16,0.1597,0.15933,0.1589,0.1584,0.15785,0.15726,0.15663,0.15596,0.15527,0.15455,0.15382,0.15308,0.15234,0.15161,0.15089,0.15019,0.14952,0.14889,0.14829,0.14773,0.14722,0.14676,0.14636,0.14602,0.14576,0.14557,0.14547,0.14545,0.14551,0.14564,0.14582,0.14605,0.1463,0.14656,0.14682,0.14704,0.14724,0.14738,0.14748,0.14753,0.14754,0.1475,0.14744,0.14734,0.14723,0.1471,0.14696,0.14681,0.14666,0.14649,0.14631
0.12944,0.12873,0.12797,0.12718,0.12637,0.12558,0.1248,0.12405,0.12335,0.1227,0.1221,0.12157,0.12109,0.12067,0.1203,0.11995,0.11963,0.11932,0.119,0.11867,0.11834,0.118,0.11765,0.11733,0.11704,0.11679,0.1166,0.11648,0.11643,0.11644,0.1165,0.1166,0.11672,0.11684,0.11694,0.11702,0.11706,0.11708,0.11707,0.11706,0.11704,0.11704,0.11707,0.11713,0.11723,0.11736,0.11751,0.11767,0.11782,0.11796,0.11806,0.11811,0.1181,0.11803,0.11789,0.11772,0.11751,0.11732,0.11719,0.11716,0.11729,0.11763,0.11823,0.11914,0.12036,0.12191,0.12374,0.12583,0.12811,0.13051,0.13296,0.13541,0.1378,0.14008,0.14224,0.14424,0.14606,0.14768,0.1491,0.15028,0.15122,0.1519,0.15229,0.15238,0.15217,0.15166,0.15088,0.14989,0.14875,0.14754,0.14634,0.14524,0.14431,0.14359,0.14312,0.1429,0.14294,0.14321,0.14369,0.14433,0.14509,0.14593,0.14681,0.14771,0.14857,0.1494,0.15016,0.15085,0.15147,0.15201,0.1525,0.15295,0.15338,0.15379,0.15422,0.15468,0.15517,0.15571,0.15628,0.1569,0.15754,0.15819,0.15885,0.15949,0.1601,0.16067,0.16117,0.16161,0.16198,0.16227,0.16248,0.16261,0.16267,0.16265,0.16256,0.1624,0.16216,0.16185,0.16147,0.16102,0.1605,0.15992,0.15929,0.15861,0.15791,0.15717,0.15642,0.15566,0.1549,0.15416,0.15345,0.15278,0.15218,0.15166,0.15123,0.15092,0.15072,0.15062,0.15062,0.1507,0.15084,0.15101,0.15119,0.15136,0.15149,0.15159,0.15165,0.15166,0.15164,0.1516,0.15154,0.15148,0.15142,0.15136,0.15129,0.15119,0.15106,0.15088,0.15063,0.15032
0.12469,0.1238,0.12284,0.12185,0.12085,0.11985,0.11887,0.11794,0.11707,0.11627,0.11556,0.11496,0.11445,0.11405,0.11375,0.11353,0.11337,0.11326,0.11319,0.11313,0.11307,0.11301,0.11295,0.11288,0.11281,0.11274,0.11269,0.11264,0.11261,0.11258,0.11255,0.11251,0.11244,0.11232,0.11214,0.1119,0.1116,0.11124,0.11086,0.11047,0.11011,0.10982,0.10961,0.10952,0.10955,0.10969,0.10993,0.11025,0.11062,0.11099,0.11133,0.11161,0.11178,0.11183,0.11175,0.11154,0.11121,0.11078,0.11029,0.10978,0.1093,0.10893,0.1087,0.10868,0.10889,0.10937,0.11012,0.1111,0.11229,0.11365,0.11513,0.11667,0.11824,0.11979,0.12128,0.12268,0.12396,0.1251,0.12608,0.1269,0.12756,0.12807,0.12841,0.12861,0.12865,0.12856,0.12833,0.128,0.12761,0.12721,0.12684,0.12657,0.12643,0.12647,0.12669,0.1271,0.12767,0.12839,0.1292,0.13008,0.13097,0.13185,0.13268,0.13346,0.13416,0.1348,0.13537,0.13588,0.13634,0.13676,0.13715,0.13754,0.13793,0.13836,0.13882,0.13935,0.13994,0.14061,0.14136,0.14219,0.14309,0.14407,0.1451,0.14618,0.14729,0.14841,0.14953,0.15063,0.15168,0.15267,0.15359,0.15442,0.15516,0.1558,0.15634,0.15677,0.15709,0.15731,0.15741,0.15741,0.15732,0.15714,0.15689,0.15657,0.1562,0.15577,0.1553,0.15477,0.15419,0.15358,0.15295,0.15233,0.15175,0.15124,0.15084,0.15057,0.15044,0.15045,0.15058,0.15079,0.15106,0.15135,0.15161,0.15181,0.15195,0.15202,0.15202,0.15197,0.15192,0.15188,0.15188,0.15195,0.15208,0.15228,0.1525,0.15271,0.15287,0.15292,0.15281,0.15253
0.12122,0.1202,0.11913,0.11803,0.11692,0.11582,0.11475,0.11374,0.11281,0.11198,0.11126,0.11068,0.11024,0.10993,0.10976,0.10971,0.10974,0.10985,0.11,0.11018,0.11037,0.11057,0.11078,0.11099,0.11119,0.11137,0.11154,0.11168,0.11178,0.11184,0.11185,0.1118,0.11168,0.11147,0.11115,0.11072,0.11017,0.10952,0.10879,0.10803,0.10728,0.1066,0.10605,0.10565,0.10545,0.10545,0.10562,0.10595,0.10637,0.10683,0.10726,0.10762,0.10784,0.1079,0.10777,0.10744,0.10692,0.10622,0.10536,0.10437,0.10329,0.10216,0.10103,0.099961,0.098998,0.098186,0.097561,0.097148,0.096959,0.096994,0.097244,0.097686,0.09829,0.099013,0.099809,0.10063,0.10142,0.10216,0.1028,0.10333,0.10375,0.10407,0.1043,0.10446,0.10454,0.10457,0.10454,0.10447,0.10439,0.10431,0.10428,0.10434,0.10453,0.10486,0.10535,0.10597,0.1067,0.10748,0.10827,0.10899,0.1096,0.11007,0.11039,0.11058,0.11064,0.11064,0.11059,0.11055,0.11054,0.11058,0.1107,0.11089,0.11117,0.11154,0.11201,0.11258,0.11326,0.11405,0.11495,0.11596,0.11708,0.1183,0.11963,0.12106,0.12258,0.12417,0.12582,0.12749,0.12914,0.13075,0.13228,0.13371,0.13501,0.13617,0.13718,0.13806,0.1388,0.13941,0.1399,0.1403,0.14063,0.14091,0.14116,0.14141,0.14164,0.14185,0.14202,0.14215,0.14221,0.14219,0.14212,0.14201,0.14191,0.14187,0.14193,0.14214,0.14252,0.14307,0.14376,0.14455,0.14538,0.14618,0.14688,0.14744,0.14783,0.14803,0.14809,0.14804,0.14795,0.14788,0.1479,0.14805,0.14836,0.14882,0.1494,0.15004,0.15064,0.15112,0.1514,0.15141
0.11706,0.11607,0.11503,0.11396,0.1129,0.11187,0.1109,0.11002,0.10926,0.10864,0.10817,0.10785,0.10769,0.10765,0.1077,0.1078,0.10791,0.10801,0.10808,0.1081,0.10812,0.10814,0.10821,0.10834,0.10856,0.10885,0.10921,0.1096,0.11001,0.11041,0.11078,0.11109,0.11133,0.11146,0.11146,0.1113,0.11095,0.11043,0.10974,0.10892,0.10803,0.10713,0.10628,0.10555,0.10499,0.10462,0.10443,0.10441,0.10449,0.10462,0.10474,0.10478,0.1047,0.10447,0.10407,0.10351,0.1028,0.10194,0.10094,0.099809,0.098555,0.097184,0.095712,0.094162,0.092571,0.090984,0.089453,0.088029,0.086758,0.085678,0.08481,0.084164,0.083736,0.083512,0.083466,0.083568,0.083779,0.084061,0.084378,0.084696,0.08499,0.085237,0.085421,0.085526,0.085538,0.085446,0.085245,0.084942,0.084563,0.084151,0.083763,0.083458,0.08329,0.083292,0.083468,0.083791,0.084202,0.084623,0.084964,0.085142,0.085095,0.084795,0.084251,0.08351,0.082647,0.081749,0.080904,0.080186,0.079648,0.079317,0.079202,0.079296,0.079587,0.080061,0.080707,0.081517,0.08248,0.083589,0.084831,0.086194,0.087666,0.089235,0.090895,0.092636,0.09445,0.096322,0.098229,0.10014,0.102,0.10379,0.10545,0.10697,0.10833,0.10953,0.11058,0.11151,0.11235,0.11312,0.11385,0.11457,0.11531,0.11608,0.11689,0.11774,0.11863,0.11952,0.1204,0.12123,0.12199,0.12268,0.12329,0.12385,0.1244,0.125,0.1257,0.12655,0.12759,0.12883,0.13025,0.13181,0.13342,0.13499,0.13641,0.1376,0.1385,0.13909,0.13939,0.13946,0.13938,0.13927,0.13921,0.13929,0.13957,0.14007,0.14076,0.14159,0.14247,0.14329,0.14395,0.14435
0.11095,0.11024,0.10948,0.10867,0.10786,0.10706,0.10632,0.10569,0.10521,0.10491,0.10477,0.1048,0.10495,0.10516,0.10538,0.10555,0.10562,0.10556,0.10537,0.10507,0.10473,0.10439,0.10413,0.10402,0.10408,0.10434,0.10479,0.10538,0.10608,0.10684,0.1076,0.10831,0.10894,0.10944,0.10979,0.10996,0.10992,0.10966,0.10918,0.1085,0.10765,0.10669,0.10567,0.10468,0.10377,0.10299,0.10236,0.10188,0.10151,0.10119,0.10088,0.10051,0.10006,0.099503,0.098851,0.098119,0.097327,0.096493,0.095629,0.094732,0.093792,0.092787,0.091694,0.090495,0.089181,0.087758,0.086248,0.084679,0.083086,0.081505,0.079972,0.078524,0.077198,0.076031,0.075057,0.074298,0.073765,0.073455,0.073342,0.073386,0.073529,0.073703,0.073836,0.073858,0.073712,0.073358,0.072779,0.071988,0.071028,0.06997,0.068901,0.067908,0.067063,0.066408,0.065939,0.065612,0.065347,0.065046,0.064605,0.06394,0.063002,0.061787,0.060342,0.058759,0.057153,0.05565,0.054357,0.053355,0.052687,0.052365,0.052372,0.052681,0.053262,0.054089,0.055143,0.056412,0.05788,0.059527,0.061322,0.063229,0.065207,0.06722,0.069238,0.071238,0.073204,0.07512,0.076965,0.078707,0.08031,0.08174,0.082972,0.084006,0.084864,0.085591,0.086251,0.086909,0.087627,0.08845,0.089405,0.090494,0.091703,0.093003,0.094359,0.095736,0.097102,0.098431,0.09971,0.10093,0.1021,0.10321,0.10429,0.10536,0.10645,0.10759,0.10882,0.11019,0.11173,0.11345,0.11535,0.11738,0.11948,0.12155,0.12346,0.12513,0.12647,0.12745,0.12808,0.12841,0.12853,0.12855,0.12858,0.12871,0.12901,0.12952,0.13023,0.13109,0.13204,0.133,0.13385,0.13453
0.10335,0.10302,0.10265,0.10224,0.10178,0.10132,0.1009,0.10057,0.10037,0.10031,0.10039,0.10058,0.10082,0.10106,0.10123,0.1013,0.10122,0.10099,0.10065,0.10022,0.099775,0.099379,0.099101,0.098999,0.099115,0.099464,0.10003,0.10077,0.10162,0.1025,0.10332,0.10403,0.10459,0.10497,0.10519,0.10526,0.10516,0.10491,0.10449,0.10388,0.10309,0.10215,0.10109,0.099984,0.098923,0.097975,0.097189,0.096578,0.096119,0.095759,0.095434,0.095078,0.094646,0.094113,0.093483,0.092775,0.092024,0.091265,0.090527,0.089829,0.089174,0.088549,0.087929,0.08728,0.086564,0.085749,0.084807,0.083721,0.082483,0.081097,0.079577,0.077957,0.076283,0.074618,0.073031,0.071594,0.07037,0.0694,0.068692,0.068218,0.067911,0.067676,0.067405,0.066996,0.066369,0.065477,0.064315,0.062918,0.061355,0.059715,0.058097,0.056586,0.05524,0.05408,0.053084,0.052192,0.051316,0.050362,0.049244,0.047906,0.046333,0.044563,0.042679,0.040798,0.03905,0.037554,0.036403,0.035649,0.035311,0.03537,0.03579,0.036528,0.037543,0.038804,0.040293,0.041993,0.043886,0.045944,0.048122,0.050367,0.052618,0.054821,0.056936,0.058935,0.0608,0.062518,0.064066,0.065414,0.066524,0.067368,0.067939,0.068265,0.068413,0.068483,0.068593,0.068858,0.069372,0.070188,0.07131,0.0727,0.074285,0.075979,0.077695,0.079363,0.08094,0.082409,0.083779,0.085079,0.086344,0.087609,0.088904,0.090249,0.091656,0.093136,0.0947,0.096364,0.09815,0.10007,0.10213,0.1043,0.10653,0.10874,0.11085,0.11274,0.11436,0.11567,0.11665,0.11737,0.11788,0.11828,0.11865,0.11907,0.11958,0.12022,0.12097,0.12181,0.1227,0.12361,0.12446,0.12523
0.093098,0.093053,0.093046,0.093032,0.092993,0.092931,0.092872,0.092846,0.092878,0.092974,0.093119,0.093276,0.093398,0.093439,0.093366,0.093164,0.092841,0.092431,0.091982,0.091555,0.091213,0.091012,0.090996,0.091192,0.091607,0.09222,0.092984,0.093825,0.094649,0.095358,0.095873,0.096145,0.096173,0.095996,0.095682,0.095304,0.094918,0.094542,0.094156,0.093714,0.093167,0.092488,0.091688,0.090821,0.089971,0.089227,0.088661,0.088305,0.088144,0.088123,0.088162,0.088181,0.088108,0.087901,0.087546,0.087059,0.086473,0.085833,0.085185,0.084564,0.083994,0.083485,0.083035,0.082631,0.082256,0.081888,0.081499,0.081054,0.080508,0.079815,0.078933,0.077836,0.076524,0.075029,0.073412,0.071757,0.070154,0.068677,0.067368,0.06622,0.065181,0.064163,0.063066,0.061802,0.060316,0.058598,0.056685,0.05465,0.052587,0.050592,0.048747,0.047106,0.045691,0.04449,0.043456,0.04252,0.041596,0.0406,0.039463,0.038145,0.036649,0.035023,0.033353,0.031752,0.030337,0.02921,0.028448,0.028088,0.028132,0.028549,0.029291,0.030301,0.031528,0.032932,0.034484,0.036162,0.037945,0.039806,0.041711,0.043621,0.045496,0.047305,0.049026,0.050648,0.052158,0.053536,0.054743,0.055729,0.056437,0.056828,0.056894,0.056678,0.056273,0.055816,0.055465,0.055371,0.055652,0.056369,0.057516,0.059033,0.060815,0.062741,0.064694,0.066583,0.068353,0.069985,0.071491,0.072903,0.074264,0.075609,0.076967,0.078351,0.079764,0.081208,0.082693,0.084237,0.085869,0.087617,0.0895,0.091517,0.093635,0.095796,0.09792,0.099924,0.10174,0.10331,0.10464,0.10575,0.10669,0.10751,0.10827,0.10901,0.10974,0.11047,0.11118,0.11187,0.11254,0.11319,0.11384,0.11448
0.081544,0.081899,0.08237,0.082866,0.083323,0.083702,0.083994,0.084208,0.084358,0.084453,0.084492,0.084461,0.084338,0.0841,0.083732,0.083238,0.082647,0.082006,0.081381,0.080845,0.080465,0.080295,0.080368,0.080688,0.08123,0.08194,0.082732,0.083498,0.084122,0.084498,0.084555,0.084275,0.083704,0.08294,0.082117,0.081368,0.080793,0.080428,0.080247,0.080169,0.080097,0.07995,0.079693,0.079347,0.078975,0.078661,0.078475,0.078454,0.078592,0.078845,0.079146,0.079422,0.079614,0.079682,0.079616,0.079428,0.07915,0.078816,0.078459,0.078097,0.077735,0.077373,0.077014,0.076672,0.076379,0.076172,0.076078,0.076094,0.076174,0.076232,0.076159,0.075853,0.075243,0.07431,0.073088,0.071649,0.07008,0.068455,0.066813,0.065149,0.063419,0.061562,0.059521,0.057268,0.054819,0.052237,0.049621,0.047087,0.044746,0.042688,0.040962,0.039583,0.038528,0.037747,0.037171,0.03672,0.03631,0.035858,0.035291,0.034562,0.033659,0.032611,0.031484,0.030374,0.029387,0.02862,0.028149,0.028014,0.028213,0.028712,0.029452,0.030362,0.031376,0.032437,0.033507,0.034558,0.035578,0.036561,0.037508,0.038431,0.039346,0.040281,0.041259,0.042297,0.043384,0.044482,0.045517,0.046397,0.047026,0.047336,0.047301,0.046961,0.046413,0.045803,0.045299,0.045062,0.045216,0.045826,0.046901,0.048389,0.050201,0.052228,0.054364,0.056519,0.058628,0.060652,0.062574,0.064392,0.066106,0.067712,0.069204,0.070575,0.071826,0.072981,0.074082,0.075192,0.076381,0.07771,0.079216,0.080904,0.082746,0.084683,0.086643,0.08855,0.090337,0.091961,0.093403,0.094674,0.095799,0.096812,0.097739,0.098589,0.099356,0.10002,0.10057,0.10101,0.10135,0.10164,0.10195,0.10233
0.071356,0.072441,0.073648,0.074829,0.075865,0.076677,0.077235,0.077543,0.077635,0.077552,0.077334,0.077009,0.07659,0.076079,0.075473,0.074777,0.07401,0.073205,0.072411,0.071686,0.071095,0.070694,0.070525,0.070606,0.070915,0.07139,0.071934,0.072423,0.072728,0.072746,0.072419,0.071756,0.070832,0.06978,0.068761,0.067929,0.067395,0.067199,0.067302,0.067603,0.067973,0.068294,0.068499,0.068574,0.06856,0.068518,0.068511,0.068573,0.068713,0.068911,0.069136,0.069359,0.06956,0.069735,0.069897,0.07007,0.07028,0.070542,0.070853,0.071184,0.071487,0.071714,0.071835,0.071858,0.071835,0.071844,0.07196,0.072217,0.072588,0.072988,0.073295,0.073392,0.073201,0.072701,0.071915,0.070891,0.069668,0.068257,0.066636,0.064761,0.062583,0.060078,0.057259,0.05419,0.05098,0.047771,0.044716,0.041955,0.039599,0.037712,0.036311,0.035365,0.03481,0.034566,0.034543,0.034651,0.034806,0.034924,0.034935,0.034789,0.034466,0.03398,0.03338,0.032737,0.032137,0.031661,0.031378,0.031324,0.031503,0.03188,0.03239,0.032954,0.033491,0.033931,0.034227,0.03436,0.034334,0.034184,0.033969,0.033766,0.033664,0.033749,0.034085,0.0347,0.035572,0.036629,0.037759,0.038826,0.039702,0.040291,0.040555,0.040521,0.040282,0.039968,0.039726,0.039685,0.039945,0.040559,0.041543,0.04288,0.044535,0.046464,0.048614,0.05093,0.053356,0.055833,0.058301,0.060696,0.06295,0.064998,0.066781,0.068264,0.069447,0.070377,0.071137,0.071836,0.072585,0.073469,0.074538,0.075796,0.077213,0.078739,0.080312,0.081876,0.083384,0.084802,0.086109,0.087298,0.088369,0.089323,0.090157,0.090856,0.091401,0.091772,0.091962,0.09199,0.091902,0.091772,0.091689,0.091744
0.063791,0.065335,0.066971,0.068526,0.069857,0.070876,0.071555,0.071919,0.072025,0.071934,0.0717,0.071351,0.070897,0.070339,0.069677,0.06892,0.068083,0.067187,0.06626,0.065346,0.064504,0.063805,0.063314,0.063069,0.063061,0.063227,0.063457,0.063623,0.063606,0.063325,0.062758,0.061938,0.060956,0.059934,0.059013,0.058318,0.057941,0.057912,0.058193,0.058686,0.059256,0.05977,0.060132,0.060299,0.060283,0.060134,0.059915,0.059688,0.059495,0.059365,0.059313,0.059351,0.059493,0.059757,0.060167,0.06075,0.061521,0.062476,0.063579,0.064765,0.065945,0.067028,0.067947,0.068677,0.069238,0.069676,0.070036,0.070333,0.070542,0.070611,0.070494,0.070179,0.0697,0.06912,0.068493,0.067825,0.067057,0.066079,0.064756,0.062982,0.060709,0.057965,0.054852,0.051521,0.048144,0.044894,0.041921,0.03934,0.037228,0.035614,0.034485,0.033793,0.03347,0.033439,0.033624,0.033951,0.034351,0.034759,0.035118,0.035382,0.035523,0.035533,0.035421,0.035213,0.034945,0.034667,0.034433,0.034292,0.034275,0.034381,0.034573,0.034777,0.034901,0.034848,0.034548,0.033969,0.033137,0.032134,0.031096,0.030181,0.029542,0.029294,0.029492,0.030125,0.031124,0.032374,0.033737,0.035076,0.036277,0.037265,0.038019,0.038569,0.038982,0.039343,0.039732,0.040204,0.040792,0.041514,0.042389,0.043449,0.044737,0.046304,0.048182,0.050373,0.052839,0.055504,0.058263,0.060995,0.063577,0.065895,0.067857,0.069405,0.070531,0.071277,0.071732,0.072017,0.072256,0.07256,0.073006,0.073636,0.07446,0.075466,0.076627,0.077906,0.07926,0.080638,0.081981,0.083232,0.08434,0.085266,0.085977,0.08645,0.086671,0.086635,0.086358,0.085881,0.085275,0.084632,0.084061,0.083668
0.058786,0.059851,0.061057,0.062276,0.063396,0.064341,0.06509,0.065662,0.066099,0.066431,0.066659,0.066754,0.066673,0.066384,0.065877,0.065167,0.06428,0.063249,0.06212,0.060956,0.059854,0.058924,0.058265,0.057919,0.057846,0.057928,0.058003,0.057918,0.057575,0.056954,0.056112,0.055152,0.054192,0.053345,0.052708,0.05235,0.052311,0.052593,0.05315,0.053888,0.054674,0.055361,0.055818,0.055959,0.055755,0.055235,0.054481,0.053608,0.052744,0.052009,0.051496,0.051265,0.051344,0.051735,0.052433,0.053425,0.05469,0.056188,0.057851,0.059582,0.061271,0.062816,0.064139,0.065195,0.065967,0.066441,0.066591,0.066378,0.065774,0.064796,0.063535,0.062158,0.060867,0.059842,0.059166,0.058792,0.058546,0.058176,0.057439,0.056172,0.054341,0.052035,0.049426,0.046713,0.044074,0.041641,0.0395,0.037698,0.036242,0.035105,0.034231,0.033556,0.03303,0.032631,0.032368,0.032261,0.032328,0.032567,0.032948,0.033417,0.033901,0.034325,0.034621,0.034742,0.03467,0.034422,0.034054,0.033654,0.033314,0.033101,0.03303,0.033048,0.033044,0.032884,0.032449,0.031682,0.030616,0.02938,0.028174,0.02722,0.026707,0.026744,0.027338,0.028407,0.029805,0.031371,0.032958,0.034468,0.035858,0.037137,0.038348,0.039547,0.040774,0.042033,0.043289,0.044476,0.045532,0.046424,0.047175,0.04787,0.048637,0.049611,0.050901,0.052558,0.054563,0.056834,0.059248,0.061666,0.063949,0.065975,0.067646,0.068896,0.069695,0.070058,0.070044,0.069758,0.069331,0.06891,0.068634,0.068615,0.068927,0.069603,0.070634,0.071971,0.073528,0.075188,0.076823,0.078311,0.079559,0.080511,0.081149,0.081479,0.08152,0.081291,0.080809,0.080097,0.079197,0.078175,0.077133,0.076197
0.052953,0.05302,0.053372,0.053962,0.05472,0.055573,0.056472,0.057387,0.058297,0.059171,0.05995,0.060557,0.060912,0.060954,0.060658,0.060029,0.059101,0.057929,0.056601,0.055242,0.054015,0.053083,0.052566,0.052484,0.052735,0.05311,0.053363,0.053286,0.052782,0.051883,0.050736,0.049538,0.048479,0.047703,0.047292,0.047272,0.04763,0.048323,0.049278,0.050393,0.051532,0.052537,0.05325,0.053534,0.053299,0.052528,0.051295,0.049767,0.048176,0.046766,0.04574,0.045216,0.045228,0.045741,0.046688,0.047996,0.049588,0.05138,0.053266,0.055123,0.056819,0.05824,0.059299,0.059935,0.060101,0.05975,0.058837,0.05735,0.055353,0.05301,0.050581,0.048366,0.046632,0.045541,0.045109,0.045195,0.045533,0.045808,0.045741,0.045182,0.044133,0.042723,0.041151,0.039606,0.038232,0.037102,0.036229,0.035575,0.035061,0.034573,0.033985,0.033191,0.032155,0.030933,0.029668,0.028543,0.027721,0.027292,0.027259,0.027541,0.028008,0.028515,0.028931,0.029154,0.02912,0.028815,0.028289,0.027652,0.027047,0.026603,0.026386,0.026375,0.026467,0.026515,0.026382,0.025996,0.025376,0.024639,0.023977,0.023603,0.023697,0.02435,0.025541,0.027144,0.028966,0.030807,0.032517,0.03403,0.03538,0.036671,0.038036,0.03958,0.041335,0.043241,0.045157,0.046908,0.048339,0.049375,0.050038,0.050444,0.050764,0.05117,0.051793,0.052694,0.053863,0.055233,0.05671,0.058194,0.059597,0.060842,0.06186,0.06259,0.062979,0.063,0.062665,0.062034,0.061221,0.06038,0.059677,0.059263,0.059244,0.059665,0.060512,0.061714,0.063158,0.064705,0.066213,0.067557,0.06865,0.069455,0.069979,0.070263,0.070353,0.070286,0.070069,0.069679,0.069085,0.068276,0.067294,0.066254
0.041577,0.041007,0.040808,0.040977,0.041471,0.042219,0.043144,0.04418,0.045275,0.046383,0.047451,0.048404,0.049151,0.049594,0.049652,0.049276,0.048476,0.047323,0.045953,0.04455,0.043313,0.042426,0.04201,0.042092,0.042584,0.043295,0.043969,0.044361,0.044312,0.043799,0.042938,0.041928,0.040986,0.040284,0.03992,0.039914,0.040233,0.040819,0.041604,0.042511,0.043449,0.044311,0.044988,0.045365,0.045337,0.044835,0.043861,0.042525,0.04104,0.039673,0.038676,0.038216,0.038349,0.03903,0.040153,0.041592,0.043227,0.044947,0.046641,0.048199,0.049513,0.05048,0.051007,0.050995,0.050347,0.048982,0.046883,0.044144,0.040988,0.037743,0.034774,0.032394,0.030794,0.030008,0.029918,0.030286,0.030815,0.03123,0.031351,0.031132,0.030643,0.030021,0.029416,0.028954,0.028709,0.028695,0.028858,0.029093,0.029259,0.029201,0.028774,0.02788,0.026508,0.024765,0.022866,0.021066,0.019591,0.018567,0.018007,0.017839,0.017954,0.01824,0.018591,0.018904,0.019067,0.018993,0.018653,0.018113,0.017515,0.017032,0.016795,0.016845,0.017124,0.017508,0.017861,0.018089,0.018163,0.018133,0.018122,0.018295,0.01881,0.019762,0.021134,0.022798,0.024559,0.026224,0.027669,0.028878,0.029933,0.030962,0.032095,0.033412,0.034929,0.036597,0.038314,0.039948,0.041369,0.042493,0.043305,0.043866,0.044282,0.044669,0.045112,0.045641,0.046242,0.046876,0.047507,0.048117,0.048698,0.049238,0.049699,0.05002,0.050135,0.04999,0.049569,0.048893,0.048031,0.047093,0.046209,0.045507,0.045085,0.044997,0.045252,0.045817,0.046628,0.047598,0.048623,0.049595,0.050419,0.051032,0.051415,0.051599,0.051656,0.05167,0.051709,0.051791,0.051874,0.05188,0.051739,0.051449
0.02752,0.026776,0.026344,0.026236,0.026423,0.026836,0.0274,0.028062,0.028812,0.029674,0.030671,0.031783,0.032916,0.033916,0.034606,0.034846,0.034585,0.033877,0.032855,0.03169,0.030537,0.029524,0.028751,0.028296,0.028205,0.02846,0.028956,0.02952,0.029968,0.030184,0.030163,0.029989,0.029786,0.029661,0.029658,0.029769,0.029952,0.030166,0.030375,0.030545,0.030637,0.03062,0.030502,0.030326,0.030139,0.029956,0.029749,0.029471,0.02911,0.028719,0.028413,0.028331,0.028586,0.029217,0.030177,0.031341,0.032557,0.033681,0.034612,0.035301,0.035736,0.035921,0.035838,0.035427,0.034582,0.033194,0.031206,0.028673,0.02578,0.022815,0.020101,0.017907,0.016386,0.015529,0.015179,0.015079,0.014969,0.014681,0.014192,0.013606,0.013085,0.01278,0.012792,0.01316,0.013852,0.014763,0.015741,0.016624,0.017275,0.017597,0.017527,0.017032,0.01612,0.014854,0.01335,0.011753,0.010199,0.0087899,0.0075929,0.0066687,0.0060913,0.0059355,0.006226,0.0068804,0.0076957,0.0084091,0.0088078,0.0088275,0.0085779,0.0082801,0.0081548,0.0083238,0.0087739,0.0093868,0.010003,0.010481,0.010742,0.010786,0.010706,0.010661,0.01083,0.011335,0.012182,0.013256,0.014377,0.015395,0.016259,0.017025,0.017788,0.01861,0.019477,0.020335,0.021158,0.022001,0.022983,0.024206,0.025678,0.027288,0.028851,0.030192,0.031212,0.031907,0.032337,0.032586,0.032732,0.032841,0.032966,0.033149,0.033401,0.03369,0.03394,0.034057,0.033969,0.03365,0.033128,0.032455,0.031694,0.030903,0.030138,0.029453,0.028898,0.028521,0.028371,0.028489,0.028885,0.02952,0.030296,0.031068,0.031691,0.032058,0.032126,0.031927,0.031562,0.031179,0.030932,0.030928,0.031182,0.031619,0.032105,0.032511
0.018861,0.018411,0.017974,0.017615,0.017391,0.017313,0.017362,0.017512,0.01777,0.01818,0.01879,0.01961,0.020575,0.021546,0.02235,0.022843,0.022963,0.022738,0.02225,0.021582,0.020779,0.01986,0.01886,0.017866,0.017013,0.016437,0.016214,0.01633,0.016698,0.017211,0.017791,0.018395,0.018996,0.019558,0.020035,0.020382,0.020587,0.020671,0.020664,0.020563,0.020322,0.019883,0.019252,0.018536,0.017914,0.017556,0.017539,0.017811,0.01822,0.018602,0.018852,0.018972,0.019052,0.019201,0.01948,0.019859,0.020234,0.020487,0.020541,0.020391,0.020101,0.019757,0.019425,0.0191,0.018691,0.018043,0.016994,0.015454,0.013459,0.011173,0.0088379,0.006704,0.0049492,0.0036252,0.002642,0.0018116,0.00094154,-6.666e-05,-0.0011722,-0.0022233,-0.0030274,-0.0034166,-0.0032881,-0.0026259,-0.0015092,-0.00010063,0.0013983,0.0028088,0.004019,0.0049851,0.0057,0.0061562,0.0063303,0.0061891,0.00571,0.0048981,0.0037963,0.0024908,0.0011177,-0.00013346,-0.0010399,-0.0014032,-0.0011372,-0.00034166,0.00069557,0.0015932,0.0020334,0.0018988,0.001314,0.00057113,-1.1299e-05,-0.00021638,1.3554e-05,0.00059365,0.0013538,0.0021003,0.002667,0.0029565,0.0029701,0.0028127,0.0026553,0.0026617,0.0029116,0.0033696,0.0039257,0.0044786,0.005,0.0055321,0.0061216,0.0067506,0.0073286,0.0077694,0.0081016,0.0085257,0.0093514,0.010834,0.013006,0.015612,0.018195,0.020283,0.021568,0.021985,0.021689,0.020958,0.020094,0.019337,0.018835,0.018638,0.018712,0.018954,0.019231,0.019421,0.019456,0.019334,0.019101,0.018805,0.018477,0.018127,0.01776,0.017388,0.017047,0.01679,0.016681,0.016783,0.017121,0.017657,0.018292,0.01889,0.019328,0.019537,0.019506,0.019273,0.018898,0.018453,0.018009,0.017628,0.017355,0.017203,0.017144,0.017109
0.017245,0.017605,0.017596,0.017312,0.016898,0.016481,0.016137,0.015892,0.015743,0.015686,0.01572,0.015841,0.016027,0.016231,0.016398,0.016487,0.016483,0.016401,0.016257,0.016044,0.015721,0.015236,0.014566,0.01375,0.012896,0.012141,0.011611,0.011378,0.011449,0.011782,0.012305,0.012936,0.013583,0.014157,0.014589,0.014854,0.014983,0.015055,0.015153,0.015317,0.015502,0.015607,0.015536,0.015258,0.014833,0.014379,0.014011,0.013779,0.013649,0.013528,0.013323,0.012995,0.012577,0.012154,0.011813,0.011598,0.011503,0.011488,0.011516,0.011571,0.011656,0.011771,0.011889,0.011926,0.011746,0.01119,0.010122,0.008485,0.0063351,0.0038344,0.0012154,-0.0012777,-0.0034524,-0.0052171,-0.0065974,-0.0077077,-0.0086857,-0.0096256,-0.010541,-0.011371,-0.012007,-0.01233,-0.012248,-0.011722,-0.010783,-0.0095246,-0.0080784,-0.0065686,-0.0050833,-0.0036676,-0.0023419,-0.0011269,-6.1544e-05,0.00079609,0.001383,0.0016525,0.0015942,0.0012477,0.00070645,0.00010673,-0.00040287,-0.00071148,-0.00080217,-0.00078374,-0.00086761,-0.0012858,-0.0021833,-0.0035401,-0.0051637,-0.0067534,-0.0080006,-0.008675,-0.0086709,-0.0080101,-0.0068212,-0.0053073,-0.0037053,-0.0022339,-0.0010407,-0.00016772,0.00044351,0.0009048,0.0013132,0.0017024,0.0020431,0.0022837,0.0023959,0.0023877,0.0022839,0.0021,0.0018488,0.0015833,0.0014495,0.0016915,0.0025787,0.0042699,0.0066877,0.0094854,0.012144,0.014153,0.015187,0.015186,0.014332,0.012953,0.011403,0.0099701,0.0088298,0.0080472,0.0076053,0.0074426,0.0074886,0.0076903,0.0080237,0.0084837,0.0090586,0.0097068,0.010354,0.010916,0.01133,0.011579,0.011698,0.011747,0.011797,0.011896,0.012066,0.012293,0.012544,0.01279,0.013024,0.013268,0.013548,0.013867,0.014179,0.0144,0.014436,0.014231,0.013796,0.013199,0.012532,0.011847
